file_name,unit,firing_rate,isi_violation,snr
acc_05122016_KurosawaCoppola,1,25.3621736,0.02924942288,13.189216
acc_05122016_KurosawaCoppola,2,4.676802423,0.0367152415,13.327564
acc_05122016_KurosawaCoppola,3,11.17135641,1.489188227,39.152603
acc_1_04052016_kurocoppola_pre,1,6.296823991,0.48401235,21.120323
acc_1_04052016_kurocoppola_pre,2,5.422279925,25.16987906,901.6003
acc_1_04052016_kurocoppola_pre,3,0.1141869616,2544.804757,2300.5884
acc_1_04052016_kurocoppola_pre,4,0.4620836858,635.0330049,1939.5072
acc_1_04052016_kurocoppola_pre,5,1.991868821,0.8137046756,44.106697
acc_1_04052016_kurocoppola_pre,6,3.980536139,68.90265124,1139.4371
acc_1_04072016_kurosawacoppola_pre,1,2.012012623,0.3618710246,12.608772
acc_1_04072016_kurosawacoppola_pre,2,2.330883938,0.04493892338,17.702717
acc_1_04072016_kurosawacoppola_pre,3,4.653777934,0.8116805632,44.02983
acc_1_04072016_kurosawacoppola_pre,4,0.08788936008,2907.898106,3263.352
acc_1_04072016_kurosawacoppola_pre,5,0.05810866782,4483.052382,3263.6545
acc_1_04072016_kurosawacoppola_pre,6,0.07772034321,3759.044708,3263.352
acc_1_04072016_kurosawacoppola_pre,7,3.623075439,48.28518463,878.0245
acc_1_04202016_kurosawacoppola_pre,1,4.549754784,1.425139019,79.42168
acc_1_04202016_kurosawacoppola_pre,2,3.904425649,0.6504769733,8.42442
acc_1_04202016_kurosawacoppola_pre,3,0.7308813408,326.2479759,969.98895
acc_1_04222016_kurosawacoppola_pre,1,1.844505378,0.2288433038,20.352388
acc_1_04222016_kurosawacoppola_pre,2,4.324434753,0.5134756253,5.513179
acc_1_04222016_kurosawacoppola_pre,3,17.23983282,3.006406689,170.29024
acc_1_04222016_kurosawacoppola_pre,4,6.987347708,0.04784037825,22.284578
acc_1_04262016_kurocoppola_pre,1,0.249389724,1103.761852,568.6809
acc_1_04262016_kurocoppola_pre,2,4.453291639,0,3.7024472
acc_1_04262016_kurocoppola_pre,3,1.845483957,61.06776042,355.07028
acc_1_04262016_kurocoppola_pre,4,0.3039858527,2.451789133,246.98875
acc_1_04262016_kurocoppola_pre,5,3.59390813,0.08770531694,4.8991976
acc_1_Hitch_01042017,1,3.345489942,0.8769477357,82.279625
acc_1_Hitch_01042017,2,9.161178908,0.2550297948,45.773273
acc_1_Hitch_01042017,3,0.1577845564,0,62.750656
acc_1_Hitch_01042017,4,10.70718612,0.4512761997,27.753725
acc_1_Hitch_01042017,5,0.3788940183,0,15.008744
acc_1_Hitch_01042017,6,0.6587549204,0,33.14148
acc_1_Hitch_01042017,7,11.84105373,0.6076707849,56.478302
acc_1_Hitch_01042017,8,23.32766389,0.5511977596,8.196988
acc_1_Hitch_01042017,9,2.641352172,0,19.8769
acc_1_Hitch_01042017,10,0.05048402194,0,22.648922
acc_1_Hitch_01042017,11,0.1021993615,0,21.098265
acc_1_Hitch_01042017,12,0.494461971,1.934680595,132.89218
acc_1_Hitch_01042017,13,5.070038203,0.5474438402,43.471317
acc_1_Hitch_01042017,14,12.54958906,0.3990794219,34.14529
acc_1_Hitch_01042017,15,0.4689561062,0,13.741037
acc_1_Hitch_01042017,16,2.4195391,7.928471094,238.6911
acc_1_Hitch_01042017,17,1.79227073,1.601389985,91.12741
acc_1_Hitch_01042017,18,1.805815224,6.092250292,223.09378
acc_1_Hitch_01042017,19,1.977144274,1.754552415,102.82008
acc_1_Hitch_01042017,20,3.566071696,3.203495816,152.89062
acc_1_Hitch_01042017,21,1.917865126,2.491613377,161.60999
acc_1_Hitch_01042017,22,3.949363277,1.118286105,97.084885
acc_1_Hitch_01042017,23,6.416220154,0.5543880629,54.688335
acc_1_Hitch_01052016,1,3.73169153,1.114255601,133.57228
acc_1_Hitch_01052016,2,1.708400861,2.563258896,200.75063
acc_1_Hitch_01052016,3,0.3286284567,0,33.937065
acc_1_Hitch_01052016,4,1.157618468,4.514372837,376.14197
acc_1_Hitch_01052016,5,1.477042031,2.37076953,213.12477
acc_1_Hitch_01052016,6,1.51413638,3.52504838,292.1071
acc_1_Hitch_01052016,7,1.711011204,3.880488693,328.76532
acc_1_Hitch_01052016,8,1.299263928,3.310149664,222.54231
acc_1_Hitch_01052016,9,3.73677483,0.7441246342,28.931349
acc_1_Hitch_01052016,10,2.219203788,1.509692606,115.64056
acc_1_Hitch_01052016,11,2.439846472,1.404140605,94.34505
acc_1_Hitch_01052016,12,7.683201426,0.4646854014,97.93627
acc_1_Hitch_01052016,13,4.627176597,0.6060817295,121.217606
acc_1_Hitch_01052016,14,0.1937149347,0,17.655727
acc_1_Hitch_01052016,15,9.863937,0.3308180675,29.737354
acc_1_Hitch_01052016,16,6.603481091,0.5517582912,61.21398
acc_1_Hitch_01052016,17,1.698096875,1.073017733,100.36887
acc_1_Hitch_01052016,18,1.528699347,3.102505173,216.87341
acc_1_Hitch_01062017,1,2.588175887,0.8196146325,34.101154
acc_1_Hitch_01062017,2,1.132098992,0.1663608901,66.50379
acc_1_Hitch_01062017,3,0.006660338658,0,290.71832
acc_1_Hitch_01062017,4,2.209646639,0.4148565891,54.74743
acc_1_Hitch_01062017,5,0.6146541104,0.141090727,54.25108
acc_1_Hitch_01062017,6,0.4123066788,0,83.19262
acc_1_Hitch_01062017,7,1.241043103,0.4845229543,47.302177
acc_1_Hitch_01062017,8,0.223121345,0,16.975178
acc_1_Hitch_01062017,9,0.6841119278,0.22779056,98.227715
acc_1_Hitch_01062017,10,0.4111966224,0,41.345974
acc_1_Hitch_01062017,11,5.337785696,0.2076637841,55.277664
acc_1_Hitch_01062017,12,0.1917226056,0,47.952194
acc_1_Hitch_01062017,13,0.008721872052,0,1053.0625
acc_1_Hitch_01062017,14,0.165081251,0,80.75618
acc_1_Hitch_01062017,15,0.03615612414,81.55044021,175.68533
acc_1_Hitch_01062017,16,4.946728669,0.2548647273,59.84118
acc_1_Hitch_01062017,17,14.15274391,0.1072466663,22.175716
acc_1_Hitch_01062017,18,4.835881604,1.032540118,66.888306
acc_1_Hitch_01062017,19,8.006519964,0.1596517557,36.829185
acc_1_Hitch_01062017,20,2.067400835,5.038393026,38.913857
acc_1_Hitch_01062017,21,0.4389480334,153.2652159,188.85185
acc_1_Hitch_01062017,22,1.253253724,10.69036659,123.46171
acc_1_Hitch_01062017,23,0.05693003757,361.8260172,457.2884
acc_1_Hitch_01062017,24,0.08008264339,24.93472062,271.7132
acc_1_Hitch_01062017,25,1.011895738,20.97942423,68.522095
acc_1_Hitch_01062017,26,0.2166195859,9.087712859,373.62433
acc_1_Hitch_01062017,27,2.730897429,0.6361203383,35.684002
acc_1_Hitch_01062017,28,7.375690746,0.2616169723,36.531376
acc_1_Hitch_01062017,29,4.58738754,0.2963569061,24.287067
acc_1_Hitch_01062017,30,2.015228182,0.4068865083,43.51822
acc_1_Hitch_01062017,31,3.824144446,2.580624008,30.568968
acc_1_Hitch_01062017,32,2.93023185,1.527183382,19.317308
acc_1_Hitch_01062017,33,4.071369874,0.2058064153,36.275764
acc_1_Hitch_01062017,34,0.7163035647,0,39.016453
acc_1_Hitch_01072016,1,4.4826212,1.093147703,104.83683
acc_1_Hitch_01072016,2,1.266553471,3.118776425,127.22841
acc_1_Hitch_01072016,3,1.372016905,0.936536702,67.90453
acc_1_Hitch_01072016,4,1.375560703,0,13.178545
acc_1_Hitch_01072016,5,4.174877765,0.7791109958,26.431112
acc_1_Hitch_01072016,6,2.482359752,1.484614811,171.4034
acc_1_Hitch_01072016,7,0.1418936793,0,28.882595
acc_1_Hitch_01072016,8,2.08134355,3.024733759,228.38344
acc_1_Hitch_01072016,9,1.376411215,2.56534494,201.09236
acc_1_Hitch_01072016,10,1.280870416,1.800625111,93.42257
acc_1_Hitch_01072016,11,2.000261447,3.227288307,239.01228
acc_1_Hitch_01072016,12,2.603982906,2.36807605,122.73701
acc_1_Hitch_01072016,13,3.97741733,1.605339487,44.42991
acc_1_Hitch_01072016,14,2.958646228,1.27371359,61.39316
acc_1_Hitch_01072016,15,8.819946673,0.4195663555,46.20513
acc_1_Hitch_01072016,16,21.93299222,0.1722446794,36.859234
acc_1_Hitch_01072016,17,1.682311874,0.03367122972,23.326485
acc_1_Hitch_01072016,18,3.082112157,0.3661575434,70.81171
acc_1_Hitch_01072016,19,6.518887636,0.04709169281,29.663206
acc_1_Hitch_01072016,20,11.97860487,0.002656559276,33.29075
acc_1_Hitch_01072016,21,1.185187865,0,45.120274
acc_1_Hitch_01072016,22,3.622187,0.6682178772,70.46653
acc_1_Hitch_01072016,23,5.012489904,0.3679058646,51.97461
acc_1_Hitch_01082017,1,2.008302999,1.12613881,297.08133
acc_1_Hitch_01082017,2,2.057285998,1.274367469,395.43097
acc_1_Hitch_01082017,3,1.490603361,1.456501967,386.15518
acc_1_Hitch_01082017,4,1.986851823,0.7478815121,328.11844
acc_1_Hitch_01082017,5,1.512054537,1.787960818,442.6313
acc_1_Hitch_01082017,6,2.856215619,1.538050894,141.16486
acc_1_Hitch_01082017,7,2.008302999,1.632901274,422.00418
acc_1_Hitch_01082017,8,2.902327201,1.388464845,214.8423
acc_1_Hitch_01082017,9,1.568300533,0.1615845644,110.03239
acc_1_Hitch_01082017,10,3.346890153,0.9376682762,218.54295
acc_1_Hitch_01082017,11,2.752000064,1.491820632,310.63797
acc_1_Hitch_01082017,12,2.469587733,1.424304756,323.00018
acc_1_Hitch_01082017,13,1.641268313,1.791513842,284.6256
acc_1_Hitch_01082017,14,3.248755246,1.360964966,273.87808
acc_1_Hitch_01082017,15,3.214298239,1.406785997,350.1611
acc_1_Hitch_01082017,16,0.2182277102,0,26.785524
acc_1_Hitch_01082017,17,2.917359915,1.721076185,282.3297
acc_1_Hitch_01082017,18,2.608598108,0.7759415544,266.17487
acc_1_Hitch_01082017,19,0.3141668274,0,51.67354
acc_1_Hitch_01092017,1,5.120985965,0.3026704189,19.023226
acc_1_Hitch_01092017,2,0.9288450553,0.2760017633,18.944618
acc_1_Hitch_01092017,3,1.852258959,1.341843091,132.73024
acc_1_Hitch_01092017,4,1.713056172,1.257728476,101.47589
acc_1_Hitch_01092017,5,1.373845311,1.577003818,136.38553
acc_1_Hitch_01092017,6,2.517220869,1.96668205,115.554306
acc_1_Hitch_01092017,7,2.20740907,2.231680767,106.00339
acc_1_Hitch_01092017,8,1.514228783,1.748177526,114.060745
acc_1_Hitch_01092017,9,1.434060257,2.663124313,127.61175
acc_1_Hitch_01092017,10,3.701211999,1.407976803,60.998386
acc_1_Hitch_01092017,11,4.005592646,1.919443409,74.79587
acc_1_Hitch_01092017,12,3.446892404,0.9920833216,67.51381
acc_1_Hitch_01092017,13,4.033811023,0.9487802982,81.94923
acc_1_Hitch_01092017,14,4.583656125,0.7159163915,35.255856
acc_1_Hitch_01092017,15,2.712388135,0.8469214529,46.9292
acc_1_Hitch_01092017,16,3.081470332,0.6812692333,49.019787
acc_1_Hitch_01092017,17,4.064036564,0.9539430467,62.022007
acc_1_Hitch_01092017,18,0.05478379378,3715.773776,2728.8245
acc_1_Hitch_01092017,19,0.03542055632,63.26541961,80.161156
acc_1_Hitch_Cop_082516_part2,1,22.50622056,12.73688321,2863.797
acc_1_Hitch_Cop_082516_part2,2,0.2214266199,1092.373338,5624.969
acc_1_Hitch_Cop_082516_part2,3,0.06433340984,3159.230777,5186.6724
acc_1_Hitch_Cop_082516_part2,4,0.03765249956,6798.922816,5710.4756
acc_1_Hitch_cop_082616,1,0.08530376408,1789.633886,332.66608
acc_1_Hitch_cop_082616,2,4.355763055,23.61125556,100.24518
acc_1_Hitch_cop_082616,3,6.581479701,6.518739739,2.2678974
acc_1_Hitch_cop_082616,4,0.04541920291,4151.269957,332.67636
acc_1_Hitch_cop_082616,5,0.1254518796,2367.919886,332.68665
acc_1_Hitch_cop_082616,6,0.2477411068,925.2202561,332.67636
acc_1_Hitch_cop_082616,7,2.245746778,84.01601148,147.20248
acc_1_Hitch_cop_082616,8,0.6979798204,211.4232468,213.4652
acc_1_Hitch_cop_082616,9,0.4071036486,420.3198948,282.43808
acc_1_Hitch_cop_082616,10,0.955121033,143.1733269,195.6717
acc_1_Hitch_cop_082616,11,0.6625756835,248.0743836,254.24106
acc_1_Hitch_cop_082616,12,0.05271087379,4687.056119,332.68665
acc_1_Hitch_cop_082616,13,0.09523097864,2819.833024,332.68665
acc_1_Hitch_cop_082616,14,0.04260795631,601.84175,332.66095
acc_1_Hitch_cop_082616,15,0.4448797748,370.1718889,287.051
acc_1_Hitch_cop_082616,16,1.099021718,145.0764725,231.98892
acc_1_Hitch_cop_082616,17,1.215688452,88.57581224,93.33349
acc_1_Hitch_coppola_8232016,1,13.31968678,0.4309883755,18.195807
acc_1_Hitch_coppola_8232016,2,4.728541481,56.84177391,2985.2231
acc_1_Hitch_coppola_8232016,3,0.0648013897,4490.953065,3422.7158
acc_1_Hitch_coppola_8232016,4,0.2734153153,853.1932671,3422.5042
acc_1_Hitch_coppola_8232016,5,6.586467148,32.33577365,2004.5537
acc_1_Hitch_coppola_8232016,6,0.03086947108,0,29.250816
acc_1_Hitch_coppola_8232016,7,0.271332851,272.9334364,2803.9526
acc_1_Hitch_coppola_8232016,8,0.07729617561,2377.632666,3422.7158
acc_1_Hitch_coppola_8232016,9,0.4387874818,578.7100328,3422.7158
acc_1_Hitch_coppola_8232016,10,0.1262953361,2078.083204,3422.61
acc_1_Hitch_coppola_8232016,11,0.1167404998,1836.970408,3422.5042
acc_1_Hitch_coppola_8232016,12,0.1032657307,1922.908308,3404.52
acc_1_Hitch_coppola_8232016,13,0.03503439972,5166.221672,3415.9453
acc_1_Hitch_coppola_8232016,14,0.1040007181,2565.836025,3422.5042
acc_1_Hitch_coppola_8232016,15,0.05218410588,5307.283666,3422.61
acc_1_Hitch_coppola_8232016,16,0.2228236822,1113.768669,3422.61
acc_1_Hitch_coppola_8232016,17,0.4407474483,667.6865351,3422.8215
acc_1_Hitch_coppola_8232016,18,0.1842368433,1435.071219,3422.8215
acc_1_Hitch_coppola_8232016,19,0.1684346141,1483.303023,3422.61
acc_1_Hitch_coppola_8232016,20,0.1653721665,1311.39946,3422.8215
acc_1_Hitch_coppola_8232016,21,0.3004873515,875.569278,3423.139
acc_1_Hitch_coppola_8232016,22,0.2517331868,1092.915843,3422.8215
acc_1_Hitch_coppola_8232016,23,0.1471199793,1681.708164,3422.8215
acc_1_Hitch_Coppola_83116pl2,1,13.49491262,0.4499849977,25.304398
acc_1_Hitch_Coppola_83116pl2,2,0.09097347399,1224.662437,2360.2896
acc_1_Hitch_Coppola_83116pl2,3,0.4725138254,48.49110683,1758.0012
acc_1_Hitch_Coppola_83116pl2,4,0.1312348043,2270.413741,3529.2
acc_1_Hitch_Coppola_83116pl2,5,5.96244603,22.97969826,1464.8192
acc_1_Hitch_Coppola_83116pl2,6,1.118408358,138.9938527,2223.133
acc_1_Hitch_Coppola_83116pl2,7,0.5600608032,279.9837166,2551.7085
acc_1_Hitch_Coppola_83116pl2,8,0.2602423861,478.7244609,2860.5422
acc_1_Hitch_Coppola_83116pl2,9,0.2592144372,678.7972859,3377.8643
acc_1_Hitch_Coppola_83116pl2,10,0.2420819562,715.3849959,3528.5454
acc_1_Hitch_Coppola_83116pl2,11,0.2235788768,876.7108979,3131.9646
acc_1_Hitch_Coppola_83116pl2,12,0.1039941595,1703.983432,3061.505
acc_1_Hitch_Coppola_83116pl2,13,0.1690975873,1554.80442,3414.6758
acc_1_Hitch_Coppola_83116pl2,14,0.3147236756,602.3296117,3128.3105
acc_1_Hitch_Coppola_83116pl2,15,0.01644718174,12773.25422,3530.7268
acc_1_Hitch_Coppola_83116pl2,16,0.07898073731,3785.077512,3515.2935
acc_1_Hitch_Coppola_83116pl2,17,0.0455723994,6821.260032,3528.1091
acc_1_Hitch_Coppola_83116pl2,18,0.0368348341,6875.920811,3530.0725
acc_Hitch_01272017,1,11.04648256,20.43818384,744.1787
acc_Hitch_02022017,1,0.3963169041,22.87300113,177.63324
acc_Hitch_02022017,2,88.57967245,2.345716372,138.47627
acc_Hitch_02022017,3,0.2209996829,47.45624216,173.68436
acc_Hitch_02022017,4,0.1001566426,0,198.705
acc_Hitch_02022017,5,0.1241183867,0,270.11667
acc_Hitch_02022017,6,0.282196943,80.76719949,1361.7332
acc_Hitch_02022017,7,0.1868671266,77.99175589,325.23508
acc_Hitch_02022017,8,0.5249173436,174.7575045,782.2765
acc_Hitch_02022017,9,0.01654911822,0,2149.518
acc_Hitch_02022017,10,1.277385063,74.18420186,1675.6857
acc_Hitch_02022017,11,0.4463090321,482.6048584,2146.399
acc_Hitch_02022017,12,0.09274401671,1367.542686,2139.6626
acc_Hitch_02022017,13,0.6400716246,205.7891623,1866.2275
acc_Hitch_coppola_09172016,1,18.21216669,2.158997528,28.066507
acc_Hitch_coppola_09172016,2,0.06954082185,110.1681563,369.1424
acc_Hitch_coppola_09172016,3,0.1695924316,451.5100374,381.14108
acc_Hitch_coppola_09172016,4,0.0487380119,140.1780833,494.97217
acc_Hitch_coppola_09172016,5,0.07964504383,10.49852342,399.5565
acc_Hitch_coppola_09172016,6,0.04160561991,38.47173193,353.7006
acc_Hitch_coppola_09172016,7,0.04219998591,186.9782647,502.5887
acc_Hitch_coppola_09172016,8,0.04319059591,35.699928,340.29337
acc_Hitch_coppola_09172016,9,0.02654834794,94.48671075,360.53464
acc_Hitch_coppola_09172016,10,1.994692292,121.3143284,3375.389
acc_Hitch_coppola_09172016,11,0.1311567637,631.0328279,563.9907
acc_Hitch_coppola_09172016,12,0.06835208986,285.0835334,362.51703
acc_Hitch_coppola_09172016,13,0.7998185123,234.7520399,3198.3298
acc_Hitch_coppola_09172016,14,0.2335858375,959.3459871,3375.1802
acc_Hitch_coppola_09172016,15,0.07251265185,1469.18385,455.63733
acc_Hitch_coppola_09172016,16,0.7043237085,259.9001141,3303.0837
acc_Hitch_coppola_09172016,17,2.094347658,67.50215535,2456.341
acc_Hitch_coppola_09172016,18,0.1105520758,452.2619198,333.1985
acc_Hitch_coppola_09172016,19,0.7160129065,345.2701294,3375.2844
acc_Hitch_coppola_09172016,20,0.1781116776,860.6861227,3375.1802
acc_Hitch_coppola_09172016,21,0.6500382806,267.9271892,3373.4065
acc_Hitch_coppola_09172016,22,1.882357118,22.98625119,1029.0706
acc_kuro_052317,1,1.297770612,2.609809993,95.736916
acc_kuro_052317,2,0.7947609994,0.1546390425,107.235344
acc_kuro_052317,3,3.423138784,0.4084503876,89.23781
acc_kuro_052317,4,2.359001753,0,142.48053
acc_kuro_052317,5,11.94902095,0.2756973855,107.735275
acc_kuro_052317,6,4.827846159,0.6788915696,85.98825
acc_kuro_052317,7,1.552326603,1.297107661,78.48927
acc_kuro_052317,8,1.484038181,1.995788939,158.47835
acc_kuro_052317,9,1.776951924,2.072600952,80.23904
acc_kuro_052317,10,0.6378429228,3.60127282,64.42608
acc_kuro_052317,11,1.638922134,0.6181936316,107.48531
acc_kuro_052317,12,0.8223669574,0,57.567028
acc_kuro_052317,13,16.18755255,0.1800433124,89.9877
acc_kuro_052317,14,2.123624638,1.147922598,88.237946
acc_kuro_052317,15,2.109095186,0.7465842138,70.74033
acc_kuro_052317,16,1.242558696,3.416269944,65.24109
acc_kuro_052317,17,12.19892752,0.1522779178,83.488594
acc_kuro_052317,18,1.602017327,1.712656796,98.73651
acc_kuro_052317,19,7.526837078,0.2999966904,117.48395
acc_kuro_052317,20,11.24230843,0.3593637015,141.73064
acc_kuro_052317,21,1.689775214,0.03420852709,64.49119
acc_kuro_052317,22,1.952758287,0.0256150535,55.117367
acc_kuro_05262017,1,2.875780042,0.007091652634,95.75528
acc_kuro_05262017,2,3.512108753,0.02377348656,81.597916
acc_kuro_05262017,3,0.3953717738,0,82.112724
acc_kuro_05262017,4,4.825943465,0.3374419904,105.536736
acc_kuro_05262017,5,4.877240597,0.3895538602,70.52943
acc_kuro_05262017,6,1.788943865,1.685982983,68.72758
acc_kuro_05262017,7,15.32824612,0.09160937491,84.68679
acc_kuro_05262017,8,1.482556912,1.20073882,71.30164
acc_kuro_05262017,9,0.06263833487,0,102.96267
acc_kuro_05262017,10,0.2953947101,0,72.331276
acc_kuro_05262017,11,2.096552178,0.9606826147,68.984985
acc_kuro_05262017,12,2.395785449,0.4802427287,111.9719
acc_kuro_05262017,13,1.55915365,0,88.29049
acc_kuro_05262017,14,7.865560267,0.3308452368,83.14236
acc_kuro_05262017,15,1.239855174,2.937701014,61.883064
acc_kuro_05262017,16,3.022866717,0.7830339973,62.807228
acc_kuro_05262017,17,15.67842756,0.2946596955,98.586754
acc_kuro_05262017,18,4.223812842,0.4700948467,65.123886
acc_kuro_05262017,19,4.951569095,0.2655192894,75.16275
acc_kuro_05262017,20,1.916139815,0,78.50903
acc_kuro_05262017,21,1.495468435,1.127645886,60.490566
acc_kuro_05262017,22,3.874154839,0.05079818429,107.595985
acc_kuro_05262017,23,2.059911369,0.7325505287,115.318184
acc_kuro_05262017,24,0.838725559,14.00645763,146.60983
acc_kuro_05272017,1,0.7712132534,1.353576089,66.128006
acc_kuro_05272017,2,0.4608118943,46.25344794,744.33746
acc_kuro_05272017,3,7.177073401,0.4469952417,62.944065
acc_kuro_05272017,4,1.312499574,5.981956767,70.781456
acc_kuro_05272017,5,10.99673457,0.4313990291,68.82211
acc_kuro_05272017,6,13.80902837,0.3259287714,79.598526
acc_kuro_05272017,7,4.79972472,0.5870948417,74.21032
acc_kuro_05272017,8,11.07625097,0.4173526575,66.86276
acc_kuro_05272017,9,12.66130976,0.3153799053,68.577194
acc_kuro_05272017,10,2.049223788,0,110.45827
acc_kuro_05272017,11,5.188205433,0.5503197983,65.39325
acc_kuro_05272017,12,3.075751739,1.225438663,80.5782
acc_kuro_05272017,13,4.92905862,0.6826072502,96.74283
acc_kuro_05272017,14,2.669547491,1.333025162,58.290615
acc_kuro_05272017,15,1.988388953,1.425367983,53.392242
acc_kuro_05272017,16,2.239392522,2.664889978,69.20327
acc_kuro_05272017,17,2.819958027,1.90328666,107.27432
acc_kuro_05272017,18,2.431956328,2.91295565,93.313965
acc_kuro_05292017,1,24.53627133,0.3374097411,53.612106
acc_kuro_05292017,2,5.646642607,0.0323390993,20.826555
acc_kuro_05292017,3,1.512059895,0.3382453196,31.321186
acc_kuro_05292017,4,7.116267686,0.191734898,28.036839
acc_kuro_05292017,5,12.19029589,0.3197598357,18.874065
acc_kuro_05292017,6,2.729888017,0,61.422066
acc_kuro_05292017,7,1.991113191,0.8019311819,36.02408
acc_kuro_05292017,8,3.001112962,0.686902484,43.117477
acc_kuro_05292017,9,2.176701607,1.196942851,36.594593
acc_kuro_05292017,10,2.083651768,0.5343683927,19.280834
acc_kuro_05292017,11,2.049652788,1.881717864,43.70874
acc_kuro_05292017,12,0.2195873964,8.910097594,42.544273
acc_kuro_05292017,13,5.046420015,0.1855765842,29.851957
acc_kuro_05292017,14,4.116432881,0.3397504191,43.929813
acc_kuro_05292017,15,3.983248907,0.01083134477,28.880573
acc_kuro_05292017,16,5.052555169,0.00673186104,32.216076
acc_kuro_05292017,17,3.870004185,0.3671845341,20.864624
acc_kuro_05292017,18,10.33492299,0.2349068262,25.917776
acc_kuro_05292017,19,3.595711663,0.1329191495,33.680443
acc_kuro_05292017,20,9.348441313,0.2585857641,23.635708
acc_kuro_05292017,21,2.161363722,1.342747711,30.970926
acc_kuro_05292017,22,1.668506329,1.666730254,44.255825
acc_kuro_05292017,23,8.81621668,0.2852216386,32.94826
acc_Kuro_06012017,1,5.453351869,0.6465730515,110.35466
acc_Kuro_06012017,2,6.556723622,0.5041276517,62.2819
acc_Kuro_06012017,3,3.288299913,1.220688381,151.74615
acc_Kuro_06012017,4,3.942275526,1.079955625,90.519875
acc_Kuro_06012017,5,17.80907941,0.374547775,115.74403
acc_Kuro_06012017,6,5.054373418,0.5549415431,84.45003
acc_Kuro_06012017,7,6.761303095,0.1532746312,55.672195
acc_Kuro_06012017,8,3.00760912,1.188950526,119.26221
acc_Kuro_06012017,9,2.972704566,2.341870385,243.22563
acc_Kuro_06012017,10,1.045197496,1.342481849,75.74112
acc_Kuro_06012017,11,1.053438849,15.71186544,7139.1943
acc_Kuro_06012017,12,6.410318407,0.6820746,67.82393
acc_Kuro_06012017,13,1.507682844,0.2867494802,75.61944
acc_Kuro_06012017,14,1.048106209,13.35040855,6762.6
acc_Kuro_06012017,15,2.310487599,1.892548594,207.37547
acc_Kuro_06012017,16,3.511301234,1.916436606,163.09412
acc_Kuro_06012017,17,5.141150019,0.8014666076,81.28316
acc_Kuro_06012017,18,1.751529941,0.265581309,59.906742
acc_Kuro_06012017,19,1.163485153,25.03826765,7539.2764
acc_Kuro_06012017,20,0.1711292746,1819.540672,16007.858
acc_Kuro_06012017,21,1.048590994,10.96685514,6519.5425
acc_Kuro_06012017,22,2.119966906,0.03625805232,117.544495
acc_kuro_06022017,1,5.446399124,0.5722053683,68.3231
acc_kuro_06022017,2,2.845251744,0.4869037111,53.09318
acc_kuro_06022017,3,1.07046943,1.825211559,66.66755
acc_kuro_06022017,4,5.025678074,0.4554441277,86.93744
acc_kuro_06022017,5,6.614031663,0.4027170126,49.583992
acc_kuro_06022017,6,12.17602138,0.2978858961,65.834206
acc_kuro_06022017,7,10.07624522,0.3097902194,65.361725
acc_kuro_06022017,8,9.344410765,0.3850887583,50.766388
acc_kuro_06022017,9,8.82485138,0.3140126793,51.61249
acc_kuro_06022017,10,0.3218827147,1.552827043,56.900658
acc_kuro_06022017,11,4.139244189,0.4319506511,79.95706
acc_kuro_06022017,12,0.3336092969,0,54.37572
acc_kuro_06022017,13,5.110635965,0.4311878779,50.55486
acc_kuro_06022017,14,6.375192296,0.1820914903,46.958908
acc_kuro_06022017,15,4.350322668,0.1360177038,88.95951
acc_kuro_06022017,16,12.63670854,0.3360054312,49.708755
acc_kuro_06022017,17,0.007658176113,0,808.6481
acc_kuro_06022017,18,5.753683441,0.3863612811,54.996918
acc_kuro_06022017,19,5.708691656,0.5751367911,79.32248
acc_kuro_06022017,20,6.102848408,0.4038916203,49.074173
acc_kuro_06022017,21,4.816753457,0.4299334649,56.689133
acc_kuro_06032017,1,1.908800199,14.20844195,239.90044
acc_kuro_06032017,2,0.3004417394,0,55.48173
acc_kuro_06032017,3,0.6060961904,20.81335868,1697.556
acc_kuro_06032017,4,2.650900773,12.89761362,255.80827
acc_kuro_06032017,5,0.3042328024,3.441929414,69.582214
acc_kuro_06032017,6,0.527431634,28.05742247,1396.7498
acc_kuro_06032017,7,2.404481681,13.47255464,233.99915
acc_kuro_06032017,8,0.4070653851,31.72266262,1711.66
acc_kuro_06032017,9,3.399161824,14.61323013,257.6043
acc_kuro_06032017,10,0.312762694,55.36471468,1740.5614
acc_kuro_06032017,11,3.020055529,2.183052581,132.65083
acc_kuro_06032017,12,0.3582554495,42.19658904,1904.2593
acc_kuro_06032017,13,3.513367596,5.755349682,209.11107
acc_kuro_06032017,14,0.4705656896,34.5290604,1729.6945
acc_kuro_06032017,15,0.2634788756,0,61.065563
acc_kuro_06032017,16,2.595456477,16.41028066,267.0977
acc_kuro_06032017,17,0.02843297218,2955.498739,4599.725
acc_kuro_06032017,18,1.233043227,35.72578783,1847.3812
acc_kuro_06032017,19,2.348089619,12.50957626,235.79518
acc_kuro_06032017,20,0.880000489,37.23032159,2132.003
acc_kuro_06032017,21,2.207346407,12.94607855,236.05176
acc_kuro_06032017,22,0.7932799239,38.47465204,2097.5522
acc_kuro_06032017,23,1.831083409,13.82486101,269.92004
acc_kuro_06032017,24,0.301863388,29.71748669,1707.0358
acc_kuro_06032017,25,1.052019971,0,59.4214
acc_kuro_06032017,26,2.440022896,11.79871813,235.79518
acc_kuro_06032017,27,0.6373724598,31.76014455,1856.5585
acc_kuro_06032017,28,0.5677116779,0,54.10353
acc_kuro_06032017,29,2.964611233,5.274017045,242.46622
acc_kuro_06032017,30,2.864621947,13.76244654,246.0583
acc_kuro_06032017,31,0.199978571,3.983062473,64.50806
acc_kuro_06032017,32,0.2066129312,63.43339606,1743.7985
acc_kuro_06032017,33,1.147270428,2.904448519,105.89494
acc_kuro_06032017,34,4.43222648,2.205510123,110.981606
acc_kuro_06032017,35,2.961294053,11.47989852,206.03214
acc_kuro_06032017,36,1.220722272,34.09894841,1768.5381
acc_kuro_06032017,37,5.162953865,4.2188322,180.11775
acc_kuro_06052017,1,1.37789483,0.09477382671,61.76282
acc_kuro_06052017,2,1.289568239,6.05926475,2410.4265
acc_kuro_06052017,3,0.588308632,1.039776775,66.418304
acc_kuro_06052017,4,2.270796376,7.293071301,2289.3442
acc_kuro_06052017,5,1.998322223,4.325743411,1609.3309
acc_kuro_06052017,6,0.7242780519,0.3430124698,57.417698
acc_kuro_06052017,7,1.695335248,6.072689966,2550.888
acc_kuro_06052017,8,2.064700995,0.4220911283,46.08934
acc_kuro_06052017,9,1.824345603,7.622991618,2747.7375
acc_kuro_06052017,10,6.121835773,0.01920512772,94.506424
acc_kuro_06052017,11,2.255272308,4.068369819,1823.6433
acc_kuro_06052017,12,4.018592266,1.883039259,258.19235
acc_kuro_06052017,13,0.4967701642,0,52.607025
acc_kuro_06052017,14,1.30991012,7.445535039,2845.6604
acc_kuro_06052017,15,0.5840261305,0,49.037815
acc_kuro_06052017,16,1.282609174,7.328357999,2624.7612
acc_kuro_06052017,17,0.2896041582,0,185.59883
acc_kuro_06052017,18,0.8147458943,0,53.38294
acc_kuro_06052017,19,1.639662729,6.492070725,2364.8203
acc_kuro_06052017,20,2.829127498,0.04496198891,42.98568
acc_kuro_06052017,21,2.689946202,4.650235809,2006.0903
acc_kuro_06052017,22,7.266869589,0.5077057636,52.85361
acc_kuro_06052017,23,19.03357754,0.1425481559,51.210377
acc_kuro_06052017,24,16.49137764,0.2911114993,43.91678
acc_kuro_06052017,25,27.47706439,0.2528688183,52.141476
acc_kuro_06052017,26,1.247278537,1.156627888,34.14025
acc_kuro_06052017,27,1.670710865,7.284443982,2398.4785
acc_kuro_06082017,1,2.176939644,0.03885427224,120.45619
acc_kuro_06082017,2,1.107094872,12.16877599,2277.6494
acc_kuro_06082017,3,1.208437054,8.826357789,1836.4186
acc_kuro_06082017,4,0.652972334,0.4318590187,125.669556
acc_kuro_06082017,5,3.659274489,0.8800787877,147.72115
acc_kuro_06082017,6,1.103808098,11.93909739,2071.5884
acc_kuro_06082017,7,1.29827553,0.109244055,115.24283
acc_kuro_06082017,8,4.602030686,0.5390440101,89.175995
acc_kuro_06082017,9,0.9915100039,11.79988852,2173.7253
acc_kuro_06082017,10,0.8079984838,0.2820398427,88.90161
acc_kuro_06082017,11,0.819502191,0.2741771876,134.17558
acc_kuro_06082017,12,0.9843886613,8.36086145,1882.6355
acc_kuro_06082017,13,6.222410019,0.7371332535,211.14789
acc_kuro_06082017,14,6.552730755,0.3216237947,85.88335
acc_kuro_06082017,15,0.5050675268,0.7218262346,89.72477
acc_kuro_06082017,16,0.778965318,12.74513976,1982.7295
acc_kuro_06082017,17,0.8222411689,0.2723535998,157.77292
acc_kuro_06082017,18,1.245687154,10.67962721,2004.1782
acc_kuro_06082017,19,3.089019288,1.659543981,393.9925
acc_kuro_06082017,20,2.721448453,1.417118559,182.59213
acc_kuro_06082017,21,3.387567881,0.01604558452,134.44997
acc_kuro_06082017,22,6.791021833,0.3393752976,86.706505
acc_kuro_06082017,23,5.096690097,0.6521431371,87.80406
acc_kuro_06082017,24,6.269520439,0.4028666912,152.6635
acc_Kuro_06092017,1,1.53481375,2.190066734,258.71146
acc_Kuro_06092017,2,1.779854704,1.909327945,133.04433
acc_Kuro_06092017,3,3.137371004,0.7952279448,119.053055
acc_Kuro_06092017,4,1.092363993,4.91982778,352.3258
acc_Kuro_06092017,5,1.279187874,3.152826292,484.607
acc_Kuro_06092017,6,2.091051423,1.342626538,64.614265
acc_Kuro_06092017,7,4.096894221,0.7207258919,64.614265
acc_Kuro_06092017,8,3.74917952,0.5062420694,57.491432
acc_Kuro_06092017,9,3.08603413,0,103.99329
acc_Kuro_06092017,10,8.313398065,0.3191796884,68.684456
acc_Kuro_06092017,11,10.08478483,0.2833690765,85.86113
acc_Kuro_06092017,12,5.972542473,0.2892545594,82.12804
acc_Kuro_06092017,13,1.074369625,0.1541215154,77.0617
acc_Kuro_06092017,14,1.170692419,0.129803111,82.39469
acc_Kuro_06092017,15,10.29224931,0.03526707268,71.99536
acc_Kuro_06092017,16,0.9526430174,4.508563308,525.3089
acc_Kuro_06092017,17,1.183394326,5.462358547,341.89597
acc_Kuro_06092017,18,1.148464082,2.832403834,279.57117
acc_Kuro_06092017,19,1.328937009,4.230690073,400.8312
acc_Kuro52517,1,5.542023308,0.03013148394,65.740234
acc_Kuro52517,2,2.553505636,0.02580601145,68.43852
acc_Kuro52517,3,7.662268969,0.5402454223,58.420624
acc_Kuro52517,4,5.651652348,0.9034575952,68.92609
acc_Kuro52517,5,5.15631931,0.6265418924,68.41363
acc_Kuro52517,6,6.299414805,0.9074190384,93.01178
acc_Kuro52517,7,3.397999658,0.2477403728,53.47526
acc_Kuro52517,8,2.958732613,3.969201487,219.5898
acc_Kuro52517,9,3.191756897,0.3881528491,88.06248
acc_Kuro52517,10,0.9934193166,0.08525097028,53.965862
acc_Kuro52517,11,1.254226303,18.13061021,1183.2739
acc_Kuro52517,12,5.610103442,0.6950181422,91.877686
acc_Kuro52517,13,4.302814682,1.572299754,104.96491
acc_Kuro52517,14,5.222897677,1.569854053,94.8054
acc_Kuro52517,15,5.283218679,0.5546067876,54.833393
acc_Kuro52517,16,0.1256478954,0,126.06556
acc_Kuro52517,17,0.1722026933,0,169.6248
acc_Kuro52517,18,0.2825826174,1.053594863,232.65758
acc_Kuro52517,19,4.646719479,1.656000835,97.36771
acc_Kuro52517,20,6.248104409,0.3512817433,72.25709
acc_Kuro52517,21,4.015476467,1.596657583,125.55309
acc_Kuro52517,22,4.838695447,2.06621638,120.17225
acc_Kuro52517,23,1.101046,0.2775962505,67.70263
acc_Kuro52517,24,1.169126135,15.6341945,1378.1653
acc_Kuro52517,25,0.8670205374,0.2238390002,73.02578
acc_Kuro52517,26,1.229447136,14.8612751,1141.7013
bla_05122016_KurosawaCoppola,1,5.176462261,0.4324159102,60.681114
bla_05122016_KurosawaCoppola,2,4.172023121,0.07909230423,26.22705
bla_05122016_KurosawaCoppola,3,3.58226069,29.66254446,993.4255
bla_1_04052016_kurocoppola_pre,1,4.081383502,0.3014803395,31.950289
bla_1_04052016_kurocoppola_pre,2,0.3446952206,3.019084343,23.212399
bla_1_04052016_kurocoppola_pre,3,10.36486789,17.24600679,921.27765
bla_1_04052016_kurocoppola_pre,4,0.1195228009,2222.222374,2064.9158
bla_1_04052016_kurocoppola_pre,5,0.4743561163,553.9767893,1719.9209
bla_1_04072016_kurosawacoppola_pre,1,5.760748056,0.2059985813,21.074913
bla_1_04072016_kurosawacoppola_pre,2,7.050760482,17.54298487,872.79944
bla_1_04072016_kurosawacoppola_pre,3,0.06246681791,4442.460184,3443.8325
bla_1_04072016_kurosawacoppola_pre,4,0.1765050785,1481.19199,3443.5132
bla_1_04122016_kurosawacoppola_pre,1,4.888294964,7.421299718,220.10316
bla_1_04122016_kurosawacoppola_pre,2,7.262705916,0.1588685103,47.251163
bla_1_04122016_kurosawacoppola_pre,3,3.980709393,59.98615687,83.03765
bla_1_04192016_kurosawacoppola_pre,1,0.5542807522,447.3576372,2756.7512
bla_1_04192016_kurosawacoppola_pre,2,13.29448416,0.2825539999,20.597244
bla_1_04192016_kurosawacoppola_pre,3,11.89513161,10.0151662,909.6157
bla_1_04202016_kurosawacoppola_pre,1,2.244270353,0,14.820164
bla_1_04202016_kurosawacoppola_pre,2,3.026778025,12.88048032,266.40244
bla_1_04202016_kurosawacoppola_pre,3,0.7021180993,377.1613456,1150.245
bla_1_04222016_kurosawacoppola_pre,1,5.047104085,23.02505748,783.5534
bla_1_04222016_kurosawacoppola_pre,2,14.37695046,0.2423263063,23.688524
bla_1_04222016_kurosawacoppola_pre,3,13.97160709,0.03057819984,24.307833
bla_1_04222016_kurosawacoppola_pre,4,3.327676091,0.4452955082,24.41105
bla_1_04262016_kurocoppola_pre,1,0.3154442995,837.9002346,558.9805
bla_1_04262016_kurocoppola_pre,2,2.195977623,91.94431153,369.51996
bla_1_Hitch_01042017,1,13.90351072,17.31037667,661.5836
bla_1_Hitch_01042017,2,0.4694838138,419.5469624,1123.8801
bla_1_Hitch_01042017,3,0.1505725532,2062.860852,1541.4329
bla_1_Hitch_01042017,4,0.3551471787,609.8817511,944.6432
bla_1_Hitch_01042017,5,0.08777535521,2018.346088,1035.3213
bla_1_Hitch_01042017,6,0.08496091497,3481.253494,1540.4327
bla_1_Hitch_01042017,7,0.1238353709,1445.862285,1540.528
bla_1_Hitch_01042017,8,0.09058979546,2392.018893,1540.4803
bla_1_Hitch_01042017,9,0.1693941224,1566.036925,1540.6709
bla_1_Hitch_01042017,10,0.5357990621,37.89649155,590.86035
bla_1_Hitch_01042017,11,0.05136353451,4146.16905,1541.0519
bla_1_Hitch_01042017,12,0.07159232379,4372.112933,1541.4329
bla_1_Hitch_01042017,13,0.07880432693,3960.757767,1541.2423
bla_1_Hitch_01042017,14,0.1328063992,2396.917678,1540.8137
bla_1_Hitch_01042017,15,0.1841699337,1664.757531,1540.8613
bla_1_Hitch_01052017,1,0.05028345115,4401.735171,4527.351
bla_1_Hitch_01052017,2,11.32957595,19.14896836,1702.3829
bla_1_Hitch_01052017,3,0.6650879426,190.9468851,2988.4019
bla_1_Hitch_01052017,4,2.446028864,108.530068,2924.8115
bla_1_Hitch_01052017,5,0.04313935426,6848.86844,5441.8384
bla_1_Hitch_01052017,6,0.3392072155,734.0752194,3403.5884
bla_1_Hitch_01052017,7,0.08092063586,3032.542555,5442.175
bla_1_Hitch_01052017,8,0.08710302739,2726.895757,5119.1772
bla_1_Hitch_01062017,1,0.1539806866,1953.652533,4276.396
bla_1_Hitch_01062017,2,0.1244849011,2043.210631,4277.719
bla_1_Hitch_01062017,3,0.1877581184,1546.814509,4278.1157
bla_1_Hitch_01062017,4,0.1474789274,1933.646646,4278.1157
bla_1_Hitch_01062017,5,0.4065978171,766.0840188,4277.984
bla_1_Hitch_01062017,6,0.07167793032,3226.632675,4279.1743
bla_1_Hitch_01062017,7,0.4243587202,386.5778504,2535.1824
bla_1_Hitch_01062017,8,0.4660651266,364.1671244,2554.3667
bla_1_Hitch_01062017,9,2.937209348,35.13153321,825.72205
bla_1_Hitch_01062017,10,0.5830967915,325.9366801,2857.2812
bla_1_Hitch_01062017,11,0.5191892563,187.2658719,1894.9534
bla_1_Hitch_01062017,12,0.3663186262,304.6754156,3798.4404
bla_1_Hitch_01062017,13,0.009990507987,1068.107353,4275.3374
bla_1_Hitch_01062017,14,0.1784019283,1733.410061,4278.1157
bla_1_Hitch_01062017,15,0.05819867351,4894.341498,4277.984
bla_1_Hitch_01062017,16,0.3236607429,673.7022282,4213.0874
bla_1_Hitch_01062017,17,0.06914065845,4226.026728,4278.1157
bla_1_Hitch_01062017,18,0.1742788615,1767.258559,4278.1157
bla_1_Hitch_01062017,19,0.1709486922,1544.940993,4277.984
bla_1_Hitch_01062017,20,0.2716466695,1137.710694,4277.719
bla_1_Hitch_01062017,21,0.4744698396,551.2210648,3718.8584
bla_1_Hitch_01062017,22,0.003013010345,0,4279.3066
bla_1_Hitch_01072017,1,0.1671255224,1487.554657,3649.1123
bla_1_Hitch_01072017,2,1.981124937,27.89769344,1505.0958
bla_1_Hitch_01072017,3,0.1576281432,0,164.4429
bla_1_Hitch_01072017,4,0.2178727124,1141.292037,4820.7773
bla_1_Hitch_01072017,5,0.04479360905,0,46.04699
bla_1_Hitch_01072017,6,0.3342510448,170.5911304,2663.945
bla_1_Hitch_01072017,7,0.2857718856,424.1675225,3702.5356
bla_1_Hitch_01072017,8,0.0548579959,5288.208794,4823.0127
bla_1_Hitch_01072017,9,0.08519290836,3394.107992,4821.075
bla_1_Hitch_01072017,10,0.3735163286,0,217.56831
bla_1_Hitch_01072017,11,0.8394549139,155.7188505,3082.3916
bla_1_Hitch_01072017,12,0.1063139455,4.215620721,90.82732
bla_1_Hitch_01072017,13,0.1166618362,1186.817892,4552.244
bla_1_Hitch_01072017,14,0.1773316612,810.6310224,3800.1433
bla_1_Hitch_01072017,15,0.05443274011,2621.254644,4174.257
bla_1_Hitch_01072017,16,0.2411200285,685.1437613,3764.2297
bla_1_Hitch_01072017,17,6.367496578,9.241619146,958.4182
bla_1_Hitch_01072017,18,1.132881404,0.482632384,14.380371
bla_1_Hitch_01072017,19,0.02579885078,0,39.49014
bla_1_Hitch_01082017,1,4.628386776,61.10087262,1996.821
bla_1_Hitch_01082017,2,3.623390742,28.8051078,1760.4471
bla_1_Hitch_01082017,3,0.4133151756,69.46147405,86.91252
bla_1_Hitch_01082017,4,0.4818913755,592.4006395,2629.8066
bla_1_Hitch_01092017,1,0.04876229921,5441.221474,3278.1873
bla_1_Hitch_01092017,2,0.9203441218,188.2593696,1826.5056
bla_1_Hitch_01092017,3,0.1014208596,11.57480901,911.0978
bla_1_Hitch_01092017,4,0.2023694451,622.1459803,1770.0183
bla_1_Hitch_01092017,5,0.1242080842,1471.443042,2673.155
bla_1_Hitch_01092017,6,0.1728523149,933.7961482,1045.0648
bla_1_Hitch_01092017,7,27.77125105,4.095676839,413.9694
bla_1_Hitch_01092017,8,0.05974267167,3947.355365,3279.9114
bla_1_Hitch_01092017,9,0.05195014927,2852.825998,2505.0117
bla_1_Hitch_01092017,10,9.455399442,22.59507084,8.873671
bla_1_Hitch_01092017,11,0.1046087097,29.01358868,811.1549
bla_1_Hitch_01092017,12,0.01889096337,14012.30192,3279.2014
bla_1_Hitch_01092017,13,0.06812553666,4497.93344,3279.1
bla_1_Hitch_Cop_082516_part2,1,0.2169382425,1089.95629,2946.622
bla_1_Hitch_Cop_082516_part2,2,7.60979458,0.07236924338,12.374193
bla_1_Hitch_Cop_082516_part2,3,0.1176952304,1464.291475,2675.2178
bla_1_Hitch_Cop_082516_part2,4,0.7485616137,332.0685637,2580.6404
bla_1_Hitch_Cop_082516_part2,5,0.1321577799,1281.314342,2976.2466
bla_1_Hitch_Cop_082516_part2,6,12.61982121,19.78685098,1615.5453
bla_1_Hitch_Cop_082516_part2,1,0.2169382425,1089.95629,2946.622
bla_1_Hitch_Cop_082516_part2,2,7.60979458,0.07236924338,12.374193
bla_1_Hitch_Cop_082516_part2,3,0.1176952304,1464.291475,2675.2178
bla_1_Hitch_Cop_082516_part2,4,0.7485616137,332.0685637,2580.6404
bla_1_Hitch_Cop_082516_part2,5,0.1321577799,1281.314342,2976.2466
bla_1_Hitch_Cop_082516_part2,6,12.61982121,19.78685098,1615.5453
bla_1_Hitch_cop_082616,1,17.81838378,3.039443931,5.0269656
bla_1_Hitch_cop_082616,2,1.056765168,80.9938441,135.86063
bla_1_Hitch_cop_082616,3,0.5483687903,246.2884629,223.55211
bla_1_Hitch_cop_082616,4,1.032518166,93.900151,166.0836
bla_1_Hitch_cop_082616,5,0.3646713952,233.8228605,193.64523
bla_1_Hitch_cop_082616,6,0.2270081631,856.6831774,329.82196
bla_1_Hitch_cop_082616,7,0.2957958534,469.4668832,251.90399
bla_1_Hitch_cop_082616,8,0.3878641796,551.7768741,329.82196
bla_1_Hitch_cop_082616,9,0.006413156311,717.9899157,329.9749
bla_1_Hitch_cop_082616,10,0.1204443466,1321.094401,310.52472
bla_1_Hitch_cop_082616,11,0.1910769175,657.5610613,266.9492
bla_1_Hitch_cop_082616,12,0.2754143155,616.6576899,299.98135
bla_1_Hitch_cop_082616,13,0.2810368087,459.1281821,306.10956
bla_1_Hitch_cop_082616,14,0.2607431223,808.3187346,329.82196
bla_1_Hitch_cop_082616,15,0.2314885874,654.1141509,284.5334
bla_1_Hitch_cop_082616,16,0.1214985641,1926.39788,329.82196
bla_1_Hitch_cop_082616,17,0.5674325563,341.7246806,329.81177
bla_1_Hitch_cop_082616,18,0.8271214612,137.9526942,143.9109
bla_1_Hitch_coppola_8232016,1,2.871718296,0.5042888676,10.579208
bla_1_Hitch_coppola_8232016,2,0.03748435775,5245.592629,3560.8953
bla_1_Hitch_coppola_8232016,3,0.06970130574,3983.434748,3565.4136
bla_1_Hitch_coppola_8232016,4,3.482982823,61.31644652,2348.1985
bla_1_Hitch_coppola_8232016,5,0.3515689762,535.0152113,3564.9175
bla_1_Hitch_coppola_8232016,6,2.225664366,96.46449105,2774.1768
bla_1_Hitch_coppola_8232016,7,0.1918317132,1168.157403,3565.3032
bla_1_Hitch_coppola_8232016,8,0.714897751,422.4094968,3565.4136
bla_1_Hitch_coppola_8232016,9,0.7461347158,162.1981196,2900.6313
bla_1_Hitch_coppola_8232016,10,0.1514074058,1787.18916,3565.5237
bla_1_Hitch_coppola_8232016,11,0.839968108,266.9391318,3434.4958
bla_1_Hitch_coppola_8232016,12,1.726485419,148.1815484,3508.0544
bla_1_Hitch_coppola_8232016,13,0.25271317,1099.28502,3565.0828
bla_1_Hitch_coppola_8232016,14,0.02890950467,5764.295524,3560.6199
bla_1_Hitch_coppola_8232016,15,0.8742675204,280.3972324,3497.3098
bla_1_Hitch_coppola_8232016,16,0.4800692745,475.4214037,3474.1677
bla_1_Hitch_coppola_8232016,17,0.6701860171,406.303632,3565.3032
bla_1_Hitch_coppola_8232016,18,0.1329102227,1906.68175,3565.3032
bla_1_Hitch_coppola_8232016,19,7.062493992,23.14581759,1521.8632
bla_1_Hitch_Coppola_83116pl2,1,1.248957863,0,24.582457
bla_1_Hitch_Coppola_83116pl2,2,11.46402832,14.79185467,1489.2924
bla_1_Hitch_Coppola_83116pl2,3,24.39117052,0.0319434591,21.359564
bla_1_Hitch_Coppola_83116pl2,4,0.09200142285,1952.657604,4088.7766
bla_1_Hitch_Coppola_83116pl2,5,0.04848492117,5683.395584,4089.0293
bla_1_Hitch_Coppola_83116pl2,6,0.1284936073,2399.709568,4089.535
bla_1_Hitch_Coppola_83116pl2,7,0.1507658326,1738.007087,4088.9028
bla_1_Hitch_Coppola_83116pl2,8,0.09011684994,2850.672567,4088.7766
bla_1_Hitch_Coppola_83116pl2,9,0.2712071739,657.6733259,4082.6467
bla_1_Hitch_Coppola_83116pl2,10,0.1370598478,1587.970965,4088.271
bla_1_Hitch_Coppola_83116pl2,11,0.1110184767,2233.421315,4071.2085
bla_1_Hitch_Coppola_83116pl2,12,0.04831359636,6019.83214,4089.0293
bla_1_Hitch_Coppola_83116pl2,13,0.1007389882,2786.246985,4088.3975
bla_1_Hitch_Coppola_83116pl2,14,0.08103663503,3314.837857,4089.0293
bla_1_Hitch_Coppola_83116pl2,15,0.02775461918,8372.993715,4090.4197
bla_1_Hitch_Coppola_83116pl2,16,0.02861124323,9919.252418,4090.6724
bla_1_Hitch_Coppola_83116pl2,17,0.04814227155,5242.791506,4089.282
bla_1_Hitch_Coppola_83116pl2,18,0.1094765535,2661.955678,4089.0293
bla_1_Hitch_Coppola_83116pl2,19,0.03889073182,5863.565462,3917.9001
bla_1_Hitch_Coppola_83116pl2,20,0.01593320731,0,2688.9036
bla_1_Hitch_Coppola_83116pl2,21,0.3208913687,685.0989558,3693.6877
bla_Hitch_01272017,1,0.9741568233,1.345432487,80.943695
bla_Hitch_01272017,2,1.687389219,0.879601481,70.05153
bla_Hitch_01272017,3,1.453638331,0.5345168727,101.33299
bla_Hitch_01272017,4,1.094976813,0.4095778575,29.363802
bla_Hitch_01272017,5,5.793515745,0.4359916748,50.973045
bla_Hitch_01272017,6,6.79557658,0.3753776396,19.512802
bla_Hitch_01272017,7,1.213459294,1.367350165,105.70758
bla_Hitch_01272017,8,2.056861715,2.553634912,53.77005
bla_Hitch_01272017,9,3.452792796,0.3336493636,57.72444
bla_Hitch_01272017,10,2.293826677,1.577290987,86.70722
bla_Hitch_01272017,11,2.334879177,2.56721565,46.211258
bla_Hitch_01272017,12,0.8346367624,2.044321961,97.92047
bla_Hitch_01272017,13,0.7161542813,1.723477569,109.29555
bla_Hitch_01272017,14,1.46444931,1.671554297,109.517296
bla_Hitch_01272017,15,0.9686052397,2.617114308,75.78646
bla_Hitch_01272017,16,0.8974573134,1.158436718,100.644035
bla_Hitch_01272017,17,1.054070408,1.325953604,113.51381
bla_Hitch_02022017,1,1.669392301,0.4782199382,42.20076
bla_Hitch_02022017,2,0.004309666204,0,1750.0692
bla_Hitch_02022017,3,1.872980932,3.237471952,108.487595
bla_Hitch_02022017,4,4.212267748,1.325899941,80.25005
bla_Hitch_02022017,5,0.8765861058,10.78359398,29.107702
bla_Hitch_02022017,6,0.1067073352,1918.533808,1992.6565
bla_Hitch_02022017,7,10.36957405,6.326491342,148.77167
bla_Hitch_02022017,8,0.01103274548,0,1999.4382
bla_Hitch_02022017,9,1.444427725,6.304503365,63.520405
bla_Hitch_02022017,10,0.02344458415,421.6883269,1998.5127
bla_Hitch_02022017,11,3.580643069,12.9394537,1083.5201
bla_Hitch_02022017,12,0.4504463116,144.5044103,1130.8027
bla_Hitch_02022017,13,1.131890732,12.70907573,80.58164
bla_Hitch_02022017,14,0.01189467872,409.5540482,1753.6412
bla_Hitch_02022017,15,1.004152225,2.011340458,51.06353
bla_Hitch_02022017,16,1.658014782,12.20445591,1037.2572
bla_Hitch_02022017,17,0.108258815,44.49719414,394.89368
bla_Hitch_02022017,18,0.05257792769,20.96089034,485.47144
bla_Hitch_02022017,19,0.03620119611,0,340.64987
bla_Hitch_02022017,20,0.06205919333,105.3179611,214.68774
bla_Hitch_02022017,21,0.0282714103,0,746.6542
bla_Hitch_02022017,22,0.06671363283,65.09647602,603.06525
bla_Hitch_02022017,23,1.623365066,2.418671843,217.49248
bla_Hitch_02022017,24,1.258250145,0.2928010732,51.822716
bla_Hitch_02022017,25,0.008102172463,0,874.14453
bla_Hitch_02022017,26,1.74093276,3.250136354,87.243675
bla_Hitch_02022017,27,2.412033981,4.322545178,58.261673
bla_Hitch_02022017,28,1.138786198,0.3574557215,61.346992
bla_Hitch_coppola_09172016,1,0.2068393676,820.3325519,4021.8384
bla_Hitch_coppola_09172016,2,0.09173048581,2421.808348,4022.087
bla_Hitch_coppola_09172016,3,0.1834609716,1218.81858,4021.9626
bla_Hitch_coppola_09172016,4,0.3663275772,677.8868424,4019.7249
bla_Hitch_coppola_09172016,5,1.160598674,110.0542333,2831.299
bla_Hitch_coppola_09172016,6,15.47550751,5.984091132,429.77017
bla_Hitch_coppola_09172016,7,1.983993704,130.2226833,4021.8384
bla_Hitch_coppola_09172016,8,1.837779668,72.67987611,3041.833
bla_Hitch_coppola_09172016,9,0.3387886193,696.8368582,4021.2168
bla_Hitch_coppola_09172016,10,0.04457744991,134.0526126,502.4967
bla_Hitch_coppola_09172016,11,0.3169951993,335.3442615,366.1811
bla_Hitch_coppola_09172016,12,0.1662243577,173.5357281,274.80676
bla_Hitch_coppola_09172016,13,0.1194675657,79.32217692,386.5694
bla_Hitch_coppola_09172016,14,0.07092767585,79.42651812,428.46484
bla_Hitch_coppola_09172016,15,0.0471530359,209.664283,566.3966
bla_Hitch_coppola_09172016,16,0.1382891557,188.0456286,396.76355
bla_Hitch_coppola_09172016,17,0.05587040388,106.672412,479.4977
bla_Hitch_coppola_09172016,18,0.6030833667,325.7369153,4021.2168
bla_Hitch_coppola_09172016,19,0.2692477974,1016.006628,4021.714
bla_Hitch_coppola_09172016,20,0.9999217319,180.4358056,4021.341
bla_kuro_052317,1,0.08049316155,3723.670366,3770.5466
bla_kuro_052317,2,0.132218009,2117.630727,3178.2793
bla_kuro_052317,3,6.543483797,44.53469601,343.88455
bla_kuro_052317,4,0.88455301,2.871258892,1688.768
bla_kuro_05262017,1,1.81267315,0.6782712023,81.30898
bla_kuro_05262017,2,2.65610967,1.271915355,86.51474
bla_kuro_05262017,3,2.883108204,0.980735062,64.94803
bla_kuro_05262017,4,1.762248418,2.247354005,62.221203
bla_kuro_05262017,5,1.93655398,1.704614072,63.212776
bla_kuro_05262017,6,2.4425461,2.359307178,53.544937
bla_kuro_05262017,7,0.7061207276,2.234881325,70.925804
bla_kuro_05262017,8,0.644878233,2.115410269,73.376396
bla_kuro_05262017,9,8.443787124,0.1661634893,107.33777
bla_kuro_05262017,10,1.313660232,3.024702649,58.054085
bla_kuro_05262017,11,0.7818450655,2.494541506,68.29892
bla_kuro_05262017,12,0.8406448395,3.402652039,63.833225
bla_kuro_05262017,13,1.101841461,0.8212388495,56.271763
bla_kuro_05262017,14,0.8073191516,0.8998461758,61.97331
bla_kuro_05262017,15,1.006226399,1.679830141,63.70856
bla_kuro_05262017,16,6.829148821,0.2741461336,79.325836
bla_Kuro_05272017,1,0.8651000843,2.151438468,69.342514
bla_Kuro_05272017,2,3.613205944,1.911647901,49.771317
bla_Kuro_05272017,3,0.9953920128,0.1625074723,72.78505
bla_Kuro_05272017,4,0.5293109596,29.88430837,874.97565
bla_Kuro_05272017,5,3.974861849,1.701899974,61.227966
bla_Kuro_05272017,6,0.6083483428,1.305203514,54.45067
bla_Kuro_05272017,7,1.610925572,4.715462324,50.19671
bla_Kuro_05272017,8,2.632663379,1.602950326,54.237972
bla_Kuro_05272017,9,2.628352249,0.7924528255,56.80185
bla_Kuro_05272017,10,0.307048258,37.57258221,621.1908
bla_Kuro_05272017,11,2.610628715,3.945371365,43.815773
bla_Kuro_05272017,12,4.311609002,1.827533529,82.62087
bla_Kuro_05272017,13,3.454652164,1.578479141,53.35931
bla_Kuro_05272017,14,3.480039929,2.871752022,44.24117
bla_Kuro_05272017,15,3.759784364,3.007043359,52.37573
bla_Kuro_05272017,16,10.84632404,0.2887878675,70.0802
bla_Kuro_05272017,17,2.27915072,1.704818838,53.113415
bla_Kuro_05272017,18,2.459260151,3.620692157,53.599876
bla_kuro_05292017,1,1.471158867,1.032241883,17.856462
bla_kuro_05292017,2,9.13677849,0.3437854959,34.84265
bla_kuro_05292017,3,3.189257693,1.723368774,32.335983
bla_kuro_05292017,4,5.897417038,0.684358025,38.505642
bla_kuro_05292017,5,2.10563607,2.538820217,35.374413
bla_kuro_05292017,6,3.789224653,0.9575171245,23.611153
bla_kuro_05292017,7,34.24106285,0.03268644286,36.597317
bla_kuro_05292017,8,2.291991381,1.750189576,58.223915
bla_kuro_05292017,9,10.35230593,0.1379054809,33.93574
bla_kuro_05292017,10,21.40299692,0.1269891939,27.322653
bla_kuro_05292017,11,28.12559221,0.01911774181,34.84265
bla_kuro_05292017,12,5.624402673,0.4074419322,36.559204
bla_kuro_05292017,13,3.849042408,0,35.845318
bla_kuro_05292017,14,4.740684828,0.4205695193,16.878214
bla_kuro_05292017,15,8.247948016,0.2008318412,23.813322
bla_kuro_05292017,16,4.498601865,0.5604618923,35.12053
bla_kuro_05292017,17,4.246549278,0.5479649495,32.07393
bla_Kuro_06012017,1,0.5327792429,0,76.147964
bla_Kuro_06012017,2,1.013201654,11.74634016,7874.704
bla_Kuro_06012017,3,0.5240531043,0.5933514911,122.57964
bla_Kuro_06012017,4,1.071860697,13.3325676,7839.272
bla_Kuro_06012017,5,0.4649092757,0,93.792
bla_Kuro_06012017,6,0.7809894089,16.0296336,8144.2305
bla_Kuro_06012017,7,0.5865904312,0.9471585435,72.433426
bla_Kuro_06012017,8,0.06350689793,1696.954216,19499.057
bla_Kuro_06012017,9,0.9317576933,18.39427754,8341.681
bla_Kuro_06012017,10,0.7339652173,0,109.88832
bla_Kuro_06012017,11,0.8871574291,11.18033988,7650.604
bla_Kuro_06012017,12,3.13316856,0.1161965287,121.34147
bla_Kuro_06012017,13,0.7373587156,15.28534248,8090.9307
bla_Kuro_06012017,14,1.063619344,0.7202117191,89.148834
bla_Kuro_06012017,15,1.072345483,17.57174394,8357.731
bla_Kuro_06012017,16,0.7296021479,0,154.46274
bla_Kuro_06012017,17,1.282742381,14.0628094,7615.7773
bla_Kuro_06012017,18,0.7373587156,0.2997125977,103.07834
bla_Kuro_06012017,19,1.046167067,10.27329209,7427.715
bla_Kuro_06012017,20,0.5124182527,0,135.89006
bla_Kuro_06012017,21,1.208570203,12.3834555,7897.7197
bla_Kuro_06012017,22,0.7252390786,0.3098134293,130.31825
bla_Kuro_06012017,23,1.354975418,12.78092521,7314.7563
bla_Kuro_06012017,24,0.08289831714,2798.03545,19499.66
bla_Kuro_06012017,25,0.6617321807,0,79.862495
bla_Kuro_06012017,26,1.194511424,13.47609383,7473.1406
bla_Kuro_06012017,27,0.7315412899,0.304498352,128.15144
bla_Kuro_06012017,28,1.203722348,13.83295927,8008.256
bla_Kuro_06012017,29,0.04605462063,3303.578804,19499.66
bla_Kuro_06012017,30,0.531809672,0,122.57964
bla_Kuro_06012017,31,1.311344724,11.18177874,7524.3203
bla_Kuro_06012017,32,0.7169977255,0,86.36293
bla_Kuro_06012017,33,1.098039113,16.62386964,8013.101
bla_Kuro_06012017,34,0.7237847222,0.3110597442,67.83578
bla_Kuro_06012017,35,1.040834426,12.78551608,7762.0483
bla_Kuro_06022017,1,1.697961235,2.511165688,120.19958
bla_Kuro_06022017,2,1.363873302,3.589371724,168.64314
bla_Kuro_06022017,3,0.9768960904,4.383237487,140.37062
bla_Kuro_06022017,4,1.142743467,0.9240216906,50.75828
bla_Kuro_06022017,5,1.000109937,3.699565733,106.972664
bla_Kuro_06022017,6,1.453138917,4.000031691,179.39001
bla_Kuro_06022017,7,0.03805156256,0,929.3645
bla_Kuro_06022017,8,7.652432481,0.001373692061,83.84078
bla_Kuro_06022017,9,27.54454493,0.1643421241,49.965717
bla_Kuro_06022017,10,6.456081781,0.8511163715,44.144825
bla_Kuro_06022017,11,1.411497585,0,53.07299
bla_Kuro_06022017,12,8.607550633,0.8523125547,49.600925
bla_Kuro_06022017,13,2.499915865,1.248559807,66.63058
bla_Kuro_06022017,14,1.294710399,3.407230207,129.7891
bla_Kuro_06022017,15,1.415326673,3.895352397,93.41508
bla_Kuro_06022017,16,2.349863477,1.427674539,67.12659
bla_Kuro_06022017,17,5.220243611,0.2597703217,38.523384
bla_Kuro_06022017,18,1.650097634,1.270391483,53.403664
bla_Kuro_06022017,19,1.551019981,1.705390314,43.48348
bla_Kuro_06022017,20,1.183427527,4.078152066,107.96468
bla_kuro_06032017,1,1.92870328,12.5464489,277.55646
bla_kuro_06032017,2,0.2222510659,32.24752104,2556.9392
bla_kuro_06032017,3,1.985095341,14.39034803,250.6863
bla_kuro_06032017,4,0.7951754554,53.91031638,2679.9922
bla_kuro_06032017,5,2.336716431,12.0190248,258.93054
bla_kuro_06032017,6,0.4118042138,33.81465556,2076.9404
bla_kuro_06032017,7,2.461821508,13.22022667,245.49547
bla_kuro_06032017,8,0.7894888609,31.17825873,2120.299
bla_kuro_06032017,9,1.916856208,14.04591314,234.80847
bla_kuro_06032017,10,0.2568445154,28.9750833,2465.947
bla_kuro_06032017,11,2.298805801,11.27330023,211.29709
bla_kuro_06032017,12,3.866410334,12.28563083,258.6252
bla_kuro_06032017,13,0.7970709868,32.09223819,2476.634
bla_kuro_06032017,14,2.188391092,15.10045439,237.86191
bla_kuro_06032017,15,2.671277737,12.7685617,269.92288
bla_kuro_06032017,16,0.2644266413,45.56208794,2208.5432
bla_kuro_06032017,17,4.336028258,13.95383011,237.25122
bla_kuro_06032017,18,0.4667746267,43.86527027,1522.4384
bla_kuro_06032017,19,2.052386709,11.11764963,228.09094
bla_kuro_06032017,20,0.6326336311,32.23773401,2468.0845
bla_kuro_06032017,21,1.887949353,12.28955208,270.2282
bla_kuro_06032017,22,1.064814808,43.83191743,2724.5723
bla_kuro_06032017,23,1.580873253,11.21766856,250.6863
bla_kuro_06032017,24,0.4009049078,24.77657679,2282.436
bla_kuro_06032017,25,1.818288571,12.43020032,286.71674
bla_kuro_06032017,26,0.2137211742,38.36026702,1822.5901
bla_kuro_06032017,27,2.378892006,13.22916532,237.55656
bla_kuro_06032017,28,0.5738721552,36.27563281,2476.3286
bla_kuro_06032017,29,2.584083289,13.43010536,273.58698
bla_kuro_06032017,30,0.4700918067,30.27387171,2324.5735
bla_kuro_06052017,1,0.6396986489,0,62.74299
bla_kuro_06052017,2,1.441597039,7.27297477,2720.3855
bla_kuro_06052017,3,0.6343455222,0,48.98489
bla_kuro_06052017,4,1.261196667,5.429954205,2153.4229
bla_kuro_06052017,5,0.5176473586,0,57.753788
bla_kuro_06052017,6,1.538488634,5.321450346,2419.3853
bla_kuro_06052017,7,2.469397379,4.308156272,2093.1045
bla_kuro_06052017,8,0.5031939163,0,47.321823
bla_kuro_06052017,9,1.57970771,6.489475426,2393.957
bla_kuro_06052017,10,0.4609042148,0.8470307927,87.235435
bla_kuro_06052017,11,1.611291158,6.653401681,2460.1887
bla_kuro_06052017,12,1.78366184,6.843541207,2449.1008
bla_kuro_06052017,13,0.6504049025,0,107.797
bla_kuro_06052017,14,3.368722676,3.044326772,1184.7817
bla_kuro_06052017,15,2.578065852,4.548223805,1945.7091
bla_kuro_06052017,16,1.910530944,3.697206171,1432.2643
bla_kuro_06052017,17,0.6568286546,5.004925559,39.30886
bla_kuro_06052017,18,2.176581344,7.064536891,2407.2625
bla_kuro_06052017,19,10.55904255,0.1775268974,60.777546
bla_kuro_06052017,20,2.646050562,2.775543488,1865.2847
bla_kuro_06052017,21,0.5160414206,0,72.7214
bla_kuro_06052017,22,1.532600194,6.281692283,2694.5137
bla_kuro_06052017,23,2.853216568,3.580684846,1522.1504
bla_kuro_06052017,24,1.168052261,0.2637703678,60.928734
bla_kuro_06052017,25,1.782055902,6.572580298,2391.8872
bla_kuro_06082017,1,20.2739145,0.03046247929,126.45762
bla_kuro_06082017,2,0.7422630139,7.018353012,2408.4612
bla_kuro_06082017,3,0.3878392722,0,73.31271
bla_kuro_06082017,4,35.53221265,0.1035488784,135.17883
bla_kuro_06082017,5,0.153382763,15.65339114,64.04585
bla_kuro_06082017,6,0.04820601124,0,88.3023
bla_kuro_06082017,7,0.05806633172,0,124.004776
bla_kuro_06082017,8,7.794035544,0.1515572777,88.3023
bla_kuro_06082017,9,8.70228062,0.1702015175,69.22464
bla_kuro_06082017,10,0.1183238458,0,125.36746
bla_kuro_06082017,11,0.0246508012,0,60.113216
bla_kuro_06082017,12,2.929610774,1.308704339,121.63094
bla_kuro_06082017,13,0.05313617148,0,286.70993
bla_kuro_06082017,14,0.2130924815,0,202.76825
bla_kuro_06082017,15,15.01945927,0.05550497009,109.01518
bla_kuro_06082017,16,0.9969879597,0.3704944649,129.72807
bla_kuro_06082017,17,1.270885751,8.664272981,2324.4712
bla_kuro_06082017,18,0.1276363707,0,71.95002
bla_kuro_06082017,19,0.739524036,0.3366874803,103.56443
bla_kuro_06082017,20,1.425911901,18.1124068,2151.435
bla_kuro_06082017,21,1.303753486,16.35752292,2628.1272
bla_kuro_06082017,22,0.5905236377,0,106.56235
bla_kuro_06082017,23,1.144892767,8.709507986,2133.7383
bla_kuro_06082017,24,0.7389762404,0.3371868313,104.109505
bla_kuro_06082017,25,0.6672150192,1.240855421,122.09701
bla_kuro_06082017,26,1.06272343,9.293213192,2197.5032
bla_kuro_06082017,27,1.005752689,9.101629549,2160.9858
bla_kuro_06082017,28,0.9109840533,0.2218758356,111.74056
bla_kuro_06082017,29,3.555741124,0.8883848038,213.48619
bla_kuro_06082017,30,10.29910474,0.3159395488,104.65458
bla_kuro_06082017,31,9.393050849,0.2441766159,105.19965
bla_Kuro_06092017,1,2.609712622,0.9925878116,93.8756
bla_Kuro_06092017,2,4.691237615,0.4445888239,96.66399
bla_Kuro_06092017,3,3.33160433,0.4006857397,65.793205
bla_Kuro_06092017,4,1.755509383,2.07810221,141.89777
bla_Kuro_06092017,5,4.633549787,0.2320069939,69.72955
bla_Kuro_06092017,6,1.171221665,3.112459868,316.3267
bla_Kuro_06092017,7,1.383978606,2.507700833,126.71657
bla_Kuro_06092017,8,1.602557254,3.047868892,243.20906
bla_Kuro_06092017,9,1.062196964,4.414877248,522.9769
bla_Kuro_06092017,10,4.329762514,0.5978374414,66.355545
bla_Kuro_06092017,11,2.526091735,1.087269198,105.02914
bla_Kuro_06092017,12,1.711052709,1.215273234,320.35437
bla_Kuro_06092017,13,9.883671306,0.2112477611,86.03727
bla_Kuro_06092017,14,34.41846297,0.01441647231,101.78265
bla_Kuro_06092017,15,5.87198571,0.3044056752,93.25596
bla_Kuro_06092017,16,17.74509318,0.05028102837,93.90996
bla_Kuro52517,1,1.829903911,1.105504812,71.04541
bla_Kuro52517,2,1.08477685,1.286933836,133.39572
bla_Kuro52517,3,1.461219947,1.457924624,126.60929
bla_Kuro52517,4,1.140342254,1.293969659,216.31738
bla_Kuro52517,5,1.110306901,0.7507081636,85.890724
bla_Kuro52517,6,0.9153273976,0.8033440747,75.92316
bla_Kuro52517,7,1.054741497,0.5293836279,58.95709
bla_Kuro52517,8,4.231230423,2.890056239,204.86528
bla_Kuro52517,9,1.119818096,0.1341836387,58.32086
bla_Kuro52517,10,2.128255089,15.9183479,1237.4626
bla_Kuro52517,11,4.216463041,13.47745594,828.7925
bla_Kuro52517,12,3.213282234,12.84986246,931.013
bla_Kuro52517,13,0.6452595108,0.4041342872,55.77595
bla_Kuro52517,14,1.56609339,15.40194469,970.2471
bla_Kuro52517,15,0.5481452012,0,43.0514
bla_Kuro52517,16,1.790107068,14.70261361,978.7301
bla_Kuro52517,17,0.6475121623,0.2006636331,51.534435
bla_Kuro52517,18,1.026458205,10.30081767,1052.3204
bla_Kuro52517,19,0.4580391407,0.4010138284,56.874035
bla_Kuro52517,20,0.8144586688,10.1465037,1042.777
bla_Kuro52517,21,0.7366170443,0,56.200104
bla_Kuro52517,22,0.951870411,10.02842274,1002.69464